driverId,driverRef,number,code,forename,surname,dob,nationality,full_name,birth_year
1,hamilton,44,HAM,Lewis,Hamilton,1985-01-07,British,Lewis Hamilton,1985.0
2,heidfeld,0,HEI,Nick,Heidfeld,1977-05-10,German,Nick Heidfeld,1977.0
3,rosberg,6,ROS,Nico,Rosberg,1985-06-27,German,Nico Rosberg,1985.0
4,alonso,14,ALO,Fernando,Alonso,1981-07-29,Spanish,Fernando Alonso,1981.0
5,kovalainen,0,KOV,Heikki,Kovalainen,1981-10-19,Finnish,Heikki Kovalainen,1981.0
6,nakajima,0,NAK,Kazuki,Nakajima,1985-01-11,Japanese,Kazuki Nakajima,1985.0
7,bourdais,0,BOU,SÌ©bastien,Bourdais,1979-02-28,French,SÌ©bastien Bourdais,1979.0
8,raikkonen,7,RAI,Kimi,RÌ_ikkÌ¦nen,1979-10-17,Finnish,Kimi RÌ_ikkÌ¦nen,1979.0
9,kubica,0,KUB,Robert,Kubica,1984-12-07,Polish,Robert Kubica,1984.0
10,glock,0,GLO,Timo,Glock,1982-03-18,German,Timo Glock,1982.0
11,sato,0,SAT,Takuma,Sato,1977-01-28,Japanese,Takuma Sato,1977.0
12,piquet_jr,0,PIQ,Nelson,Piquet Jr.,1985-07-25,Brazilian,Nelson Piquet Jr.,1985.0
13,massa,19,MAS,Felipe,Massa,1981-04-25,Brazilian,Felipe Massa,1981.0
14,coulthard,0,COU,David,Coulthard,1971-03-27,British,David Coulthard,1971.0
15,trulli,0,TRU,Jarno,Trulli,1974-07-13,Italian,Jarno Trulli,1974.0
16,sutil,99,SUT,Adrian,Sutil,1983-01-11,German,Adrian Sutil,1983.0
17,webber,0,WEB,Mark,Webber,1976-08-27,Australian,Mark Webber,1976.0
18,button,22,BUT,Jenson,Button,1980-01-19,British,Jenson Button,1980.0
19,davidson,0,DAV,Anthony,Davidson,1979-04-18,British,Anthony Davidson,1979.0
20,vettel,5,VET,Sebastian,Vettel,1987-07-03,German,Sebastian Vettel,1987.0
21,fisichella,0,FIS,Giancarlo,Fisichella,1973-01-14,Italian,Giancarlo Fisichella,1973.0
22,barrichello,0,BAR,Rubens,Barrichello,1972-05-23,Brazilian,Rubens Barrichello,1972.0
23,ralf_schumacher,0,SCH,Ralf,Schumacher,1975-06-30,German,Ralf Schumacher,1975.0
24,liuzzi,0,LIU,Vitantonio,Liuzzi,1980-08-06,Italian,Vitantonio Liuzzi,1980.0
25,wurz,0,WUR,Alexander,Wurz,1974-02-15,Austrian,Alexander Wurz,1974.0
26,speed,0,SPE,Scott,Speed,1983-01-24,American,Scott Speed,1983.0
27,albers,0,ALB,Christijan,Albers,1979-04-16,Dutch,Christijan Albers,1979.0
28,markus_winkelhock,0,WIN,Markus,Winkelhock,1980-06-13,German,Markus Winkelhock,1980.0
29,yamamoto,0,YAM,Sakon,Yamamoto,1982-07-09,Japanese,Sakon Yamamoto,1982.0
30,michael_schumacher,0,MSC,Michael,Schumacher,1969-01-03,German,Michael Schumacher,1969.0
31,montoya,0,MON,Juan,Pablo Montoya,1975-09-20,Colombian,Juan Pablo Montoya,1975.0
32,klien,0,KLI,Christian,Klien,1983-02-07,Austrian,Christian Klien,1983.0
33,monteiro,0,TMO,Tiago,Monteiro,1976-07-24,Portuguese,Tiago Monteiro,1976.0
34,ide,0,IDE,Yuji,Ide,1975-01-21,Japanese,Yuji Ide,1975.0
35,villeneuve,0,VIL,Jacques,Villeneuve,1971-04-09,Canadian,Jacques Villeneuve,1971.0
36,montagny,0,FMO,Franck,Montagny,1978-01-05,French,Franck Montagny,1978.0
37,rosa,0,DLR,Pedro,de la Rosa,1971-02-24,Spanish,Pedro de la Rosa,1971.0
38,doornbos,0,DOO,Robert,Doornbos,1981-09-23,Dutch,Robert Doornbos,1981.0
39,karthikeyan,0,KAR,Narain,Karthikeyan,1977-01-14,Indian,Narain Karthikeyan,1977.0
40,friesacher,0,FRI,Patrick,Friesacher,1980-09-26,Austrian,Patrick Friesacher,1980.0
41,zonta,0,ZON,Ricardo,Zonta,1976-03-23,Brazilian,Ricardo Zonta,1976.0
42,pizzonia,0,PIZ,AntÌ«nio,Pizzonia,1980-09-11,Brazilian,AntÌ«nio Pizzonia,1980.0
43,matta,0,DA ,Cristiano,da Matta,1973-09-19,Brazilian,Cristiano da Matta,1973.0
44,panis,0,PAN,Olivier,Panis,1966-09-02,French,Olivier Panis,1966.0
45,pantano,0,PAN,Giorgio,Pantano,1979-02-04,Italian,Giorgio Pantano,1979.0
46,bruni,0,BRU,Gianmaria,Bruni,1981-05-30,Italian,Gianmaria Bruni,1981.0
47,baumgartner,0,BAU,Zsolt,Baumgartner,1981-01-01,Hungarian,Zsolt Baumgartner,1981.0
48,gene,0,GEN,Marc,GenÌ©,1974-03-29,Spanish,Marc GenÌ©,1974.0
49,frentzen,0,FRE,Heinz-Harald,Frentzen,1967-05-18,German,Heinz-Harald Frentzen,1967.0
50,verstappen,0,VER,Jos,Verstappen,1972-03-04,Dutch,Jos Verstappen,1972.0
51,wilson,0,WIL,Justin,Wilson,1978-07-31,British,Justin Wilson,1978.0
52,firman,0,FIR,Ralph,Firman,1975-05-20,Irish,Ralph Firman,1975.0
53,kiesa,0,KIE,Nicolas,Kiesa,1978-03-03,Danish,Nicolas Kiesa,1978.0
54,burti,0,BUR,Luciano,Burti,1975-03-05,Brazilian,Luciano Burti,1975.0
55,alesi,0,ALE,Jean,Alesi,1964-06-11,French,Jean Alesi,1964.0
56,irvine,0,IRV,Eddie,Irvine,1965-11-10,British,Eddie Irvine,1965.0
57,hakkinen,0,HÌ_,Mika,HÌ_kkinen,1968-09-28,Finnish,Mika HÌ_kkinen,1968.0
58,marques,0,MAR,Tarso,Marques,1976-01-19,Brazilian,Tarso Marques,1976.0
59,bernoldi,0,BER,Enrique,Bernoldi,1978-10-19,Brazilian,Enrique Bernoldi,1978.0
60,mazzacane,0,MAZ,GastÌ_n,Mazzacane,1975-05-08,Argentine,GastÌ_n Mazzacane,1975.0
61,enge,0,ENG,TomÌÁÁ,Enge,1976-09-11,Czech,TomÌÁÁ Enge,1976.0
62,yoong,0,YOO,Alex,Yoong,1976-07-20,Malaysian,Alex Yoong,1976.0
63,salo,0,SAL,Mika,Salo,1966-11-30,Finnish,Mika Salo,1966.0
64,diniz,0,DIN,Pedro,Diniz,1970-05-22,Brazilian,Pedro Diniz,1970.0
65,herbert,0,HER,Johnny,Herbert,1964-06-25,British,Johnny Herbert,1964.0
66,mcnish,0,MCN,Allan,McNish,1969-12-29,British,Allan McNish,1969.0
67,buemi,0,BUE,SÌ©bastien,Buemi,1988-10-31,Swiss,SÌ©bastien Buemi,1988.0
68,takagi,0,TAK,Toranosuke,Takagi,1974-02-12,Japanese,Toranosuke Takagi,1974.0
69,badoer,0,BAD,Luca,Badoer,1971-01-25,Italian,Luca Badoer,1971.0
70,zanardi,0,ZAN,Alessandro,Zanardi,1966-10-23,Italian,Alessandro Zanardi,1966.0
71,damon_hill,0,HIL,Damon,Hill,1960-09-17,British,Damon Hill,1960.0
72,sarrazin,0,SAR,StÌ©phane,Sarrazin,1975-11-02,French,StÌ©phane Sarrazin,1975.0
73,rosset,0,ROS,Ricardo,Rosset,1968-07-27,Brazilian,Ricardo Rosset,1968.0
74,tuero,0,TUE,Esteban,Tuero,1978-04-22,Argentine,Esteban Tuero,1978.0
75,nakano,0,NAK,Shinji,Nakano,1971-04-01,Japanese,Shinji Nakano,1971.0
76,magnussen,0,MAG,Jan,Magnussen,1973-07-04,Danish,Jan Magnussen,1973.0
77,berger,0,BER,Gerhard,Berger,1959-08-27,Austrian,Gerhard Berger,1959.0
78,larini,0,LAR,Nicola,Larini,1964-03-19,Italian,Nicola Larini,1964.0
79,katayama,0,KAT,Ukyo,Katayama,1963-05-29,Japanese,Ukyo Katayama,1963.0
80,sospiri,0,SOS,Vincenzo,Sospiri,1966-10-07,Italian,Vincenzo Sospiri,1966.0
81,morbidelli,0,MOR,Gianni,Morbidelli,1968-01-13,Italian,Gianni Morbidelli,1968.0
82,fontana,0,FON,Norberto,Fontana,1975-01-20,Argentine,Norberto Fontana,1975.0
83,lamy,0,LAM,Pedro,Lamy,1972-03-20,Portuguese,Pedro Lamy,1972.0
84,brundle,0,BRU,Martin,Brundle,1959-06-01,British,Martin Brundle,1959.0
85,montermini,0,MON,Andrea,Montermini,1964-05-30,Italian,Andrea Montermini,1964.0
86,lavaggi,0,LAV,Giovanni,Lavaggi,1958-02-18,Italian,Giovanni Lavaggi,1958.0
87,blundell,0,BLU,Mark,Blundell,1966-04-08,British,Mark Blundell,1966.0
88,suzuki,0,SUZ,Aguri,Suzuki,1960-09-08,Japanese,Aguri Suzuki,1960.0
89,inoue,0,INO,Taki,Inoue,1963-09-05,Japanese,Taki Inoue,1963.0
90,moreno,0,MOR,Roberto,Moreno,1959-02-11,Brazilian,Roberto Moreno,1959.0
91,wendlinger,0,WEN,Karl,Wendlinger,1968-12-20,Austrian,Karl Wendlinger,1968.0
92,gachot,0,GAC,Bertrand,Gachot,1962-12-23,Belgian,Bertrand Gachot,1962.0
93,schiattarella,0,SCH,Domenico,Schiattarella,1967-11-17,Italian,Domenico Schiattarella,1967.0
94,martini,0,MAR,Pierluigi,Martini,1961-04-23,Italian,Pierluigi Martini,1961.0
95,mansell,0,MAN,Nigel,Mansell,1953-08-08,British,Nigel Mansell,1953.0
96,boullion,0,BOU,Jean-Christophe,Boullion,1969-12-27,French,Jean-Christophe Boullion,1969.0
97,papis,0,PAP,Massimiliano,Papis,1969-10-03,Italian,Massimiliano Papis,1969.0
98,deletraz,0,DÌ©,Jean-Denis,DÌ©lÌ©traz,1963-10-01,Swiss,Jean-Denis DÌ©lÌ©traz,1963.0
99,tarquini,0,TAR,Gabriele,Tarquini,1962-03-02,Italian,Gabriele Tarquini,1962.0
100,comas,0,COM,Ìärik,Comas,1963-09-28,French,Ìärik Comas,1963.0
101,brabham,0,BRA,David,Brabham,1965-09-05,Australian,David Brabham,1965.0
102,senna,0,SEN,Ayrton,Senna,1960-03-21,Brazilian,Ayrton Senna,1960.0
103,bernard,0,BER,Ìäric,Bernard,1964-08-24,French,Ìäric Bernard,1964.0
104,fittipaldi,0,FIT,Christian,Fittipaldi,1971-01-18,Brazilian,Christian Fittipaldi,1971.0
105,alboreto,0,ALB,Michele,Alboreto,1956-12-23,Italian,Michele Alboreto,1956.0
106,beretta,0,BER,Olivier,Beretta,1969-11-23,Monegasque,Olivier Beretta,1969.0
107,ratzenberger,0,RAT,Roland,Ratzenberger,1960-07-04,Austrian,Roland Ratzenberger,1960.0
108,belmondo,0,BEL,Paul,Belmondo,1963-04-23,French,Paul Belmondo,1963.0
109,lehto,0,JÌ_,Jyrki,JÌ_rvilehto,1966-01-31,Finnish,Jyrki JÌ_rvilehto,1966.0
110,cesaris,0,DE ,Andrea,de Cesaris,1959-05-31,Italian,Andrea de Cesaris,1959.0
111,gounon,0,GOU,Jean-Marc,Gounon,1963-01-01,French,Jean-Marc Gounon,1963.0
112,alliot,0,ALL,Philippe,Alliot,1954-07-27,French,Philippe Alliot,1954.0
113,adams,0,ADA,Philippe,Adams,1969-11-19,Belgian,Philippe Adams,1969.0
114,dalmas,0,DAL,Yannick,Dalmas,1961-07-28,French,Yannick Dalmas,1961.0
115,noda,0,NOD,Hideki,Noda,1969-03-07,Japanese,Hideki Noda,1969.0
116,lagorce,0,LAG,Franck,Lagorce,1968-09-01,French,Franck Lagorce,1968.0
117,prost,0,PRO,Alain,Prost,1955-02-24,French,Alain Prost,1955.0
118,warwick,0,WAR,Derek,Warwick,1954-08-27,British,Derek Warwick,1954.0
119,patrese,0,PAT,Riccardo,Patrese,1954-04-17,Italian,Riccardo Patrese,1954.0
120,barbazza,0,BAR,Fabrizio,Barbazza,1963-04-02,Italian,Fabrizio Barbazza,1963.0
121,andretti,0,AND,Michael,Andretti,1962-10-05,American,Michael Andretti,1962.0
122,capelli,0,CAP,Ivan,Capelli,1963-05-24,Italian,Ivan Capelli,1963.0
123,boutsen,0,BOU,Thierry,Boutsen,1957-07-13,Belgian,Thierry Boutsen,1957.0
124,apicella,0,API,Marco,Apicella,1965-10-07,Italian,Marco Apicella,1965.0
125,naspetti,0,NAS,Emanuele,Naspetti,1968-02-24,Italian,Emanuele Naspetti,1968.0
126,toshio_suzuki,0,SUZ,Toshio,Suzuki,1955-03-10,Japanese,Toshio Suzuki,1955.0
127,gugelmin,0,GUG,MaurÌ_cio,Gugelmin,1963-04-20,Brazilian,MaurÌ_cio Gugelmin,1963.0
128,poele,0,VAN,Eric,van de Poele,1961-09-30,Belgian,Eric van de Poele,1961.0
129,grouillard,0,GRO,Olivier,Grouillard,1958-09-02,French,Olivier Grouillard,1958.0
130,chiesa,0,CHI,Andrea,Chiesa,1964-05-06,Swiss,Andrea Chiesa,1964.0
131,modena,0,MOD,Stefano,Modena,1963-05-12,Italian,Stefano Modena,1963.0
132,amati,0,AMA,Giovanna,Amati,1959-07-20,Italian,Giovanna Amati,1959.0
133,caffi,0,CAF,Alex,Caffi,1964-03-18,Italian,Alex Caffi,1964.0
134,bertaggia,0,BER,Enrico,Bertaggia,1964-09-19,Italian,Enrico Bertaggia,1964.0
135,mccarthy,0,MCC,Perry,McCarthy,1961-03-03,British,Perry McCarthy,1961.0
136,lammers,0,LAM,Jan,Lammers,1956-06-02,Dutch,Jan Lammers,1956.0
137,piquet,0,PIQ,Nelson,Piquet,1952-08-17,Brazilian,Nelson Piquet,1952.0
138,satoru_nakajima,0,NAK,Satoru,Nakajima,1953-02-23,Japanese,Satoru Nakajima,1953.0
139,pirro,0,PIR,Emanuele,Pirro,1962-01-12,Italian,Emanuele Pirro,1962.0
140,johansson,0,JOH,Stefan,Johansson,1956-09-08,Swedish,Stefan Johansson,1956.0
141,bailey,0,BAI,Julian,Bailey,1961-10-09,British,Julian Bailey,1961.0
142,chaves,0,CHA,Pedro,Chaves,1965-02-27,Portuguese,Pedro Chaves,1965.0
143,bartels,0,BAR,Michael,Bartels,1968-03-08,German,Michael Bartels,1968.0
144,hattori,0,HAT,Naoki,Hattori,1966-06-13,Japanese,Naoki Hattori,1966.0
145,nannini,0,NAN,Alessandro,Nannini,1959-07-07,Italian,Alessandro Nannini,1959.0
146,schneider,0,SCH,Bernd,Schneider,1964-07-20,German,Bernd Schneider,1964.0
147,barilla,0,BAR,Paolo,Barilla,1961-04-20,Italian,Paolo Barilla,1961.0
148,foitek,0,FOI,Gregor,Foitek,1965-03-27,Swiss,Gregor Foitek,1965.0
149,langes,0,LAN,Claudio,Langes,1960-07-20,Italian,Claudio Langes,1960.0
150,gary_brabham,0,BRA,Gary,Brabham,1961-03-29,Australian,Gary Brabham,1961.0
151,donnelly,0,DON,Martin,Donnelly,1964-03-26,British,Martin Donnelly,1964.0
152,giacomelli,0,GIA,Bruno,Giacomelli,1952-09-10,Italian,Bruno Giacomelli,1952.0
153,alguersuari,0,ALG,Jaime,Alguersuari,1990-03-23,Spanish,Jaime Alguersuari,1990.0
154,grosjean,8,GRO,Romain,Grosjean,1986-04-17,French,Romain Grosjean,1986.0
155,kobayashi,10,KOB,Kamui,Kobayashi,1986-09-13,Japanese,Kamui Kobayashi,1986.0
156,palmer,0,PAL,Jonathan,Palmer,1956-11-07,British,Jonathan Palmer,1956.0
157,danner,0,DAN,Christian,Danner,1958-04-04,German,Christian Danner,1958.0
158,cheever,0,CHE,Eddie,Cheever,1958-01-10,American,Eddie Cheever,1958.0
159,sala,0,PÌ©,Luis,PÌ©rez-Sala,1959-05-15,Spanish,Luis PÌ©rez-Sala,1959.0
160,ghinzani,0,GHI,Piercarlo,Ghinzani,1952-01-16,Italian,Piercarlo Ghinzani,1952.0
161,weidler,0,WEI,Volker,Weidler,1962-03-18,German,Volker Weidler,1962.0
162,raphanel,0,RAP,Pierre-Henri,Raphanel,1961-05-27,French,Pierre-Henri Raphanel,1961.0
163,arnoux,0,ARN,RenÌ©,Arnoux,1948-07-04,French,RenÌ© Arnoux,1948.0
164,joachim_winkelhock,0,WIN,Joachim,Winkelhock,1960-10-24,German,Joachim Winkelhock,1960.0
165,larrauri,0,LAR,Oscar,Larrauri,1954-08-19,Argentine,Oscar Larrauri,1954.0
166,streiff,0,STR,Philippe,Streiff,1955-06-26,French,Philippe Streiff,1955.0
167,campos,0,CAM,AdriÌÁn,Campos,1960-06-17,Spanish,AdriÌÁn Campos,1960.0
168,schlesser,0,SCH,Jean-Louis,Schlesser,1948-09-12,French,Jean-Louis Schlesser,1948.0
169,fabre,0,FAB,Pascal,Fabre,1960-01-09,French,Pascal Fabre,1960.0
170,fabi,0,FAB,Teo,Fabi,1955-03-09,Italian,Teo Fabi,1955.0
171,forini,0,FOR,Franco,Forini,1958-09-22,Swiss,Franco Forini,1958.0
172,laffite,0,LAF,Jacques,Laffite,1943-11-21,French,Jacques Laffite,1943.0
173,angelis,0,DE ,Elio,de Angelis,1958-03-26,Italian,Elio de Angelis,1958.0
174,dumfries,0,DUM,Johnny,Dumfries,1958-04-26,British,Johnny Dumfries,1958.0
175,tambay,0,TAM,Patrick,Tambay,1949-06-25,French,Patrick Tambay,1949.0
176,surer,0,SUR,Marc,Surer,1951-09-18,Swiss,Marc Surer,1951.0
177,keke_rosberg,0,ROS,Keke,Rosberg,1948-12-06,Finnish,Keke Rosberg,1948.0
178,jones,0,JON,Alan,Jones,1946-11-02,Australian,Alan Jones,1946.0
179,rothengatter,0,ROT,Huub,Rothengatter,1954-10-08,Dutch,Huub Rothengatter,1954.0
180,berg,0,BER,Allen,Berg,1961-08-01,Canadian,Allen Berg,1961.0
181,manfred_winkelhock,0,WIN,Manfred,Winkelhock,1951-10-06,German,Manfred Winkelhock,1951.0
182,lauda,0,LAU,Niki,Lauda,1949-02-22,Austrian,Niki Lauda,1949.0
183,hesnault,0,HES,FranÌ¤ois,Hesnault,1956-12-30,French,FranÌ¤ois Hesnault,1956.0
184,baldi,0,BAL,Mauro,Baldi,1954-01-31,Italian,Mauro Baldi,1954.0
185,bellof,0,BEL,Stefan,Bellof,1957-11-20,German,Stefan Bellof,1957.0
186,acheson,0,ACH,Kenny,Acheson,1957-11-27,British,Kenny Acheson,1957.0
187,watson,0,WAT,John,Watson,1946-05-04,British,John Watson,1946.0
188,cecotto,0,CEC,Johnny,Cecotto,1956-01-25,Venezuelan,Johnny Cecotto,1956.0
189,gartner,0,GAR,Jo,Gartner,1954-01-24,Austrian,Jo Gartner,1954.0
190,corrado_fabi,0,FAB,Corrado,Fabi,1961-04-12,Italian,Corrado Fabi,1961.0
191,thackwell,0,THA,Mike,Thackwell,1961-03-30,New Zealander,Mike Thackwell,1961.0
192,serra,0,SER,Chico,Serra,1957-02-03,Brazilian,Chico Serra,1957.0
193,sullivan,0,SUL,Danny,Sullivan,1950-03-09,American,Danny Sullivan,1950.0
194,salazar,0,SAL,Eliseo,Salazar,1954-11-14,Chilean,Eliseo Salazar,1954.0
195,guerrero,0,GUE,Roberto,Guerrero,1958-11-16,Colombian,Roberto Guerrero,1958.0
196,boesel,0,BOE,Raul,Boesel,1957-12-04,Brazilian,Raul Boesel,1957.0
197,jarier,0,JAR,Jean-Pierre,Jarier,1946-07-10,French,Jean-Pierre Jarier,1946.0
198,villeneuve_sr,0,VIL,Jacques,Villeneuve Sr.,1953-11-04,Canadian,Jacques Villeneuve Sr.,1953.0
199,reutemann,0,REU,Carlos,Reutemann,1942-04-12,Argentine,Carlos Reutemann,1942.0
200,mass,0,MAS,Jochen,Mass,1946-09-30,German,Jochen Mass,1946.0
201,borgudd,0,BOR,Slim,Borgudd,1946-11-25,Swedish,Slim Borgudd,1946.0
202,pironi,0,PIR,Didier,Pironi,1952-03-26,French,Didier Pironi,1952.0
203,gilles_villeneuve,0,VIL,Gilles,Villeneuve,1950-01-18,Canadian,Gilles Villeneuve,1950.0
204,paletti,0,PAL,Riccardo,Paletti,1958-06-15,Italian,Riccardo Paletti,1958.0
205,henton,0,HEN,Brian,Henton,1946-09-19,British,Brian Henton,1946.0
206,daly,0,DAL,Derek,Daly,1953-03-11,Irish,Derek Daly,1953.0
207,mario_andretti,0,AND,Mario,Andretti,1940-02-28,American,Mario Andretti,1940.0
208,villota,0,DE ,Emilio,de Villota,1946-07-26,Spanish,Emilio de Villota,1946.0
209,lees,0,LEE,Geoff,Lees,1951-05-01,British,Geoff Lees,1951.0
210,byrne,0,BYR,Tommy,Byrne,1958-05-06,Irish,Tommy Byrne,1958.0
211,keegan,0,KEE,Rupert,Keegan,1955-02-26,British,Rupert Keegan,1955.0
212,rebaque,0,REB,Hector,Rebaque,1956-02-05,Mexican,Hector Rebaque,1956.0
213,gabbiani,0,GAB,Beppe,Gabbiani,1957-01-02,Italian,Beppe Gabbiani,1957.0
214,cogan,0,COG,Kevin,Cogan,1956-03-31,American,Kevin Cogan,1956.0
215,guerra,0,GUE,Miguel Ìngel,Guerra,1953-08-31,Argentine,Miguel Ìngel Guerra,1953.0
216,stohr,0,STO,Siegfried,Stohr,1952-10-10,Italian,Siegfried Stohr,1952.0
217,zunino,0,ZUN,Ricardo,Zunino,1949-04-13,Argentine,Ricardo Zunino,1949.0
218,londono,0,LON,Ricardo,LondoÌ±o,1949-08-08,Colombian,Ricardo LondoÌ±o,1949.0
219,jabouille,0,JAB,Jean-Pierre,Jabouille,1942-10-01,French,Jean-Pierre Jabouille,1942.0
220,francia,0,FRA,Giorgio,Francia,1947-11-08,Italian,Giorgio Francia,1947.0
221,depailler,0,DEP,Patrick,Depailler,1944-08-09,French,Patrick Depailler,1944.0
222,scheckter,0,SCH,Jody,Scheckter,1950-01-29,South African,Jody Scheckter,1950.0
223,regazzoni,0,REG,Clay,Regazzoni,1939-09-05,Swiss,Clay Regazzoni,1939.0
224,emerson_fittipaldi,0,FIT,Emerson,Fittipaldi,1946-12-12,Brazilian,Emerson Fittipaldi,1946.0
225,kennedy,0,KEN,Dave,Kennedy,1953-01-15,Irish,Dave Kennedy,1953.0
226,south,0,SOU,Stephen,South,1952-02-19,British,Stephen South,1952.0
227,needell,0,NEE,Tiff,Needell,1951-10-29,British,Tiff Needell,1951.0
228,desire_wilson,0,WIL,DesirÌ©,Wilson,1953-11-26,South African,DesirÌ© Wilson,1953.0
229,ertl,0,ERT,Harald,Ertl,1948-08-31,Austrian,Harald Ertl,1948.0
230,brambilla,0,BRA,Vittorio,Brambilla,1937-11-11,Italian,Vittorio Brambilla,1937.0
231,hunt,0,HUN,James,Hunt,1947-08-29,British,James Hunt,1947.0
232,merzario,0,MER,Arturo,Merzario,1943-03-11,Italian,Arturo Merzario,1943.0
233,stuck,0,STU,Hans-Joachim,Stuck,1951-01-01,German,Hans-Joachim Stuck,1951.0
234,brancatelli,0,BRA,Gianfranco,Brancatelli,1950-01-18,Italian,Gianfranco Brancatelli,1950.0
235,ickx,0,ICK,Jacky,Ickx,1945-01-01,Belgian,Jacky Ickx,1945.0
236,gaillard,0,GAI,Patrick,Gaillard,1952-02-12,French,Patrick Gaillard,1952.0
237,ribeiro,0,RIB,Alex,Ribeiro,1948-11-07,Brazilian,Alex Ribeiro,1948.0
238,peterson,0,PET,Ronnie,Peterson,1944-02-14,Swedish,Ronnie Peterson,1944.0
239,lunger,0,LUN,Brett,Lunger,1945-11-14,American,Brett Lunger,1945.0
240,ongais,0,ONG,Danny,Ongais,1942-05-21,American,Danny Ongais,1942.0
241,leoni,0,LEO,Lamberto,Leoni,1953-05-24,Italian,Lamberto Leoni,1953.0
242,galica,0,GAL,Divina,Galica,1944-08-13,British,Divina Galica,1944.0
243,stommelen,0,STO,Rolf,Stommelen,1943-07-11,German,Rolf Stommelen,1943.0
244,colombo,0,COL,Alberto,Colombo,1946-02-23,Italian,Alberto Colombo,1946.0
245,trimmer,0,TRI,Tony,Trimmer,1943-01-24,British,Tony Trimmer,1943.0
246,binder,0,BIN,Hans,Binder,1948-06-12,Austrian,Hans Binder,1948.0
247,bleekemolen,0,BLE,Michael,Bleekemolen,1949-10-02,Dutch,Michael Bleekemolen,1949.0
248,gimax,0,FRA,Carlo,Franchi,1938-01-01,Italian,Carlo Franchi,1938.0
249,rahal,0,RAH,Bobby,Rahal,1953-01-10,American,Bobby Rahal,1953.0
250,pace,0,PAC,Carlos,Pace,1944-10-06,Brazilian,Carlos Pace,1944.0
251,ian_scheckter,0,SCH,Ian,Scheckter,1947-08-22,South African,Ian Scheckter,1947.0
252,pryce,0,PRY,Tom,Pryce,1949-06-11,British,Tom Pryce,1949.0
253,hoffmann,0,HOF,Ingo,Hoffmann,1953-02-28,Brazilian,Ingo Hoffmann,1953.0
254,zorzi,0,ZOR,Renzo,Zorzi,1946-12-12,Italian,Renzo Zorzi,1946.0
255,nilsson,0,NIL,Gunnar,Nilsson,1948-11-20,Swedish,Gunnar Nilsson,1948.0
256,perkins,0,PER,Larry,Perkins,1950-03-18,Australian,Larry Perkins,1950.0
257,hayje,0,LUN,Boy,Lunger,1949-05-03,Dutch,Boy Lunger,1949.0
258,neve,0,NÌ¬,Patrick,NÌ¬ve,1949-10-13,Belgian,Patrick NÌ¬ve,1949.0
259,purley,0,PUR,David,Purley,1945-01-26,British,David Purley,1945.0
260,andersson,0,AND,Conny,Andersson,1939-12-28,Swedish,Conny Andersson,1939.0
261,dryver,0,DE ,Bernard,de Dryver,1952-09-19,Belgian,Bernard de Dryver,1952.0
262,oliver,0,OLI,Jackie,Oliver,1942-08-14,British,Jackie Oliver,1942.0
263,kozarowitzky,0,KOZ,Mikko,Kozarowitzky,1948-05-17,Finnish,Mikko Kozarowitzky,1948.0
264,sutcliffe,0,SUT,Andy,Sutcliffe,1947-05-09,British,Andy Sutcliffe,1947.0
265,edwards,0,EDW,Guy,Edwards,1942-12-30,British,Guy Edwards,1942.0
266,mcguire,0,MCG,Brian,McGuire,1945-12-13,Australian,Brian McGuire,1945.0
267,schuppan,0,SCH,Vern,Schuppan,1943-03-19,Australian,Vern Schuppan,1943.0
268,heyer,0,HEY,Hans,Heyer,1943-03-16,German,Hans Heyer,1943.0
269,pilette,0,PIL,Teddy,Pilette,1942-07-26,Belgian,Teddy Pilette,1942.0
270,ashley,0,ASH,Ian,Ashley,1947-10-26,British,Ian Ashley,1947.0
271,kessel,0,KES,Loris,Kessel,1950-04-01,Swiss,Loris Kessel,1950.0
272,takahashi,0,TAK,Kunimitsu,Takahashi,1940-01-29,Japanese,Kunimitsu Takahashi,1940.0
273,hoshino,0,HOS,Kazuyoshi,Hoshino,1947-07-01,Japanese,Kazuyoshi Hoshino,1947.0
274,takahara,0,TAK,Noritake,Takahara,1951-06-06,Japanese,Noritake Takahara,1951.0
275,lombardi,0,LOM,Lella,Lombardi,1941-03-26,Italian,Lella Lombardi,1941.0
276,evans,0,EVA,Bob,Evans,1947-06-11,British,Bob Evans,1947.0
277,leclere,0,LEC,Michel,LeclÌ¬re,1946-03-18,French,Michel LeclÌ¬re,1946.0
278,amon,0,AMO,Chris,Amon,1943-07-20,New Zealander,Chris Amon,1943.0
279,zapico,0,ZAP,Emilio,Zapico,1944-05-27,Spanish,Emilio Zapico,1944.0
280,pescarolo,0,PES,Henri,Pescarolo,1942-09-25,French,Henri Pescarolo,1942.0
281,nelleman,0,NEL,Jac,Nelleman,1944-04-19,Danish,Jac Nelleman,1944.0
282,magee,0,MAG,Damien,Magee,1945-11-17,British,Damien Magee,1945.0
283,wilds,0,WIL,Mike,Wilds,1946-01-07,British,Mike Wilds,1946.0
284,pesenti_rossi,0,PES,Alessandro,Pesenti-Rossi,1942-08-31,Italian,Alessandro Pesenti-Rossi,1942.0
285,stuppacher,0,STU,Otto,Stuppacher,1947-03-03,Austrian,Otto Stuppacher,1947.0
286,brown,0,BRO,Warwick,Brown,1949-12-24,Australian,Warwick Brown,1949.0
287,hasemi,0,HAS,Masahiro,Hasemi,1945-11-13,Japanese,Masahiro Hasemi,1945.0
288,donohue,0,DON,Mark,Donohue,1937-03-18,American,Mark Donohue,1937.0
289,hill,0,HIL,Graham,Hill,1929-02-15,British,Graham Hill,1929.0
290,wilson_fittipaldi,0,FIT,Wilson,Fittipaldi,1943-12-25,Brazilian,Wilson Fittipaldi,1943.0
291,tunmer,0,TUN,Guy,Tunmer,1948-12-01,South African,Guy Tunmer,1948.0
292,keizan,0,KEI,Eddie,Keizan,1944-09-12,South African,Eddie Keizan,1944.0
293,charlton,0,CHA,Dave,Charlton,1936-10-27,South African,Dave Charlton,1936.0
294,brise,0,BRI,Tony,Brise,1952-03-28,British,Tony Brise,1952.0
295,wunderink,0,WUN,Roelof,Wunderink,1948-12-12,Dutch,Roelof Wunderink,1948.0
296,migault,0,MIG,FranÌ¤ois,Migault,1944-12-04,French,FranÌ¤ois Migault,1944.0
297,palm,0,PAL,Torsten,Palm,1947-07-23,Swedish,Torsten Palm,1947.0
298,lennep,0,VAN,Gijs,van Lennep,1942-03-16,Dutch,Gijs van Lennep,1942.0
299,fushida,0,FUS,Hiroshi,Fushida,1946-03-10,Japanese,Hiroshi Fushida,1946.0
300,nicholson,0,NIC,John,Nicholson,1941-10-06,New Zealander,John Nicholson,1941.0
301,morgan,0,MOR,Dave,Morgan,1944-08-07,British,Dave Morgan,1944.0
302,crawford,0,CRA,Jim,Crawford,1948-02-13,British,Jim Crawford,1948.0
303,vonlanthen,0,VON,Jo,Vonlanthen,1942-05-31,Swiss,Jo Vonlanthen,1942.0
304,hulme,0,HUL,Denny,Hulme,1936-06-18,New Zealander,Denny Hulme,1936.0
305,hailwood,0,HAI,Mike,Hailwood,1940-04-02,British,Mike Hailwood,1940.0
306,beltoise,0,BEL,Jean-Pierre,Beltoise,1937-04-26,French,Jean-Pierre Beltoise,1937.0
307,ganley,0,GAN,Howden,Ganley,1941-12-24,New Zealander,Howden Ganley,1941.0
308,robarts,0,ROB,Richard,Robarts,1944-09-22,British,Richard Robarts,1944.0
309,revson,0,REV,Peter,Revson,1939-02-27,American,Peter Revson,1939.0
310,driver,0,DRI,Paddy,Driver,1934-05-13,South African,Paddy Driver,1934.0
311,belso,0,BEL,Tom,BelsÌü,1942-08-27,Danish,Tom BelsÌü,1942.0
312,redman,0,RED,Brian,Redman,1937-03-09,British,Brian Redman,1937.0
313,opel,0,VON,Rikky,von Opel,1947-10-14,Liechtensteiner,Rikky von Opel,1947.0
314,schenken,0,SCH,Tim,Schenken,1943-09-26,Australian,Tim Schenken,1943.0
315,larrousse,0,LAR,GÌ©rard,Larrousse,1940-05-23,French,GÌ©rard Larrousse,1940.0
316,kinnunen,0,KIN,Leo,Kinnunen,1943-08-05,Finnish,Leo Kinnunen,1943.0
317,wisell,0,WIS,Reine,Wisell,1941-09-30,Swedish,Reine Wisell,1941.0
318,roos,0,ROO,Bertil,Roos,1943-10-12,Swedish,Bertil Roos,1943.0
319,dolhem,0,DOL,JosÌ©,Dolhem,1944-04-26,French,JosÌ© Dolhem,1944.0
320,gethin,0,GET,Peter,Gethin,1940-02-21,British,Peter Gethin,1940.0
321,bell,0,BEL,Derek,Bell,1941-10-31,British,Derek Bell,1941.0
322,hobbs,0,HOB,David,Hobbs,1939-06-09,British,David Hobbs,1939.0
323,quester,0,QUE,Dieter,Quester,1939-05-30,Austrian,Dieter Quester,1939.0
324,koinigg,0,KOI,Helmuth,Koinigg,1948-11-03,Austrian,Helmuth Koinigg,1948.0
325,facetti,0,FAC,Carlo,Facetti,1935-06-26,Italian,Carlo Facetti,1935.0
326,wietzes,0,WIE,Eppie,Wietzes,1938-05-28,Canadian,Eppie Wietzes,1938.0
327,cevert,0,CEV,FranÌ¤ois,Cevert,1944-02-25,French,FranÌ¤ois Cevert,1944.0
328,stewart,0,STE,Jackie,Stewart,1939-06-11,British,Jackie Stewart,1939.0
329,beuttler,0,BEU,Mike,Beuttler,1940-04-13,British,Mike Beuttler,1940.0
330,galli,0,GAL,Nanni,Galli,1940-10-02,Italian,Nanni Galli,1940.0
331,bueno,0,BUE,Luiz,Bueno,1937-01-16,Brazilian,Luiz Bueno,1937.0
332,follmer,0,FOL,George,Follmer,1934-01-27,American,George Follmer,1934.0
333,adamich,0,DE ,Andrea,de Adamich,1941-10-03,Italian,Andrea de Adamich,1941.0
334,pretorius,0,PRE,Jackie,Pretorius,1934-11-22,South African,Jackie Pretorius,1934.0
335,williamson,0,WIL,Roger,Williamson,1948-02-02,British,Roger Williamson,1948.0
336,mcrae,0,MCR,Graham,McRae,1940-03-05,New Zealander,Graham McRae,1940.0
337,marko,0,MAR,Helmut,Marko,1943-04-27,Austrian,Helmut Marko,1943.0
338,walker,0,WAL,David,Walker,1941-06-10,Australian,David Walker,1941.0
339,roig,0,SOL,Alex,Soler-Roig,1932-10-29,Spanish,Alex Soler-Roig,1932.0
340,love,0,LOV,John,Love,1924-12-07,Rhodesian,John Love,1924.0
341,surtees,0,SUR,John,Surtees,1934-02-11,British,John Surtees,1934.0
342,barber,0,BAR,Skip,Barber,1936-11-16,American,Skip Barber,1936.0
343,brack,0,BRA,Bill,Brack,1935-12-26,Canadian,Bill Brack,1935.0
344,posey,0,POS,Sam,Posey,1944-05-26,American,Sam Posey,1944.0
345,rodriguez,0,ROD,Pedro,RodrÌ_guez,1940-01-18,Mexican,Pedro RodrÌ_guez,1940.0
346,siffert,0,SIF,Jo,Siffert,1936-07-07,Swiss,Jo Siffert,1936.0
347,bonnier,0,BON,Jo,Bonnier,1930-01-31,Swedish,Jo Bonnier,1930.0
348,mazet,0,MAZ,FranÌ¤ois,Mazet,1943-02-24,French,FranÌ¤ois Mazet,1943.0
349,jean,0,JEA,Max,Jean,1943-07-27,French,Max Jean,1943.0
350,elford,0,ELF,Vic,Elford,1935-06-10,British,Vic Elford,1935.0
351,moser,0,MOS,Silvio,Moser,1941-04-24,Swiss,Silvio Moser,1941.0
352,eaton,0,EAT,George,Eaton,1945-11-12,Canadian,George Eaton,1945.0
353,lovely,0,LOV,Pete,Lovely,1926-04-11,American,Pete Lovely,1926.0
354,craft,0,CRA,Chris,Craft,1939-11-17,British,Chris Craft,1939.0
355,Cannoc,0,CAN,John,Cannon,1933-06-21,Canadian,John Cannon,1933.0
356,jack_brabham,0,BRA,Jack,Brabham,1926-04-02,Australian,Jack Brabham,1926.0
357,miles,0,MIL,John,Miles,1943-06-14,British,John Miles,1943.0
358,rindt,0,RIN,Jochen,Rindt,1942-04-18,Austrian,Jochen Rindt,1942.0
359,gavin,0,SER,Johnny,Servoz-Gavin,1942-01-18,French,Johnny Servoz-Gavin,1942.0
360,mclaren,0,MCL,Bruce,McLaren,1937-08-30,New Zealander,Bruce McLaren,1937.0
361,courage,0,COU,Piers,Courage,1942-05-27,British,Piers Courage,1942.0
362,klerk,0,DE ,Peter,de Klerk,1935-03-16,South African,Peter de Klerk,1935.0
363,giunti,0,GIU,Ignazio,Giunti,1941-08-30,Italian,Ignazio Giunti,1941.0
364,gurney,0,GUR,Dan,Gurney,1931-04-13,American,Dan Gurney,1931.0
365,hahne,0,HAH,Hubert,Hahne,1935-03-28,German,Hubert Hahne,1935.0
366,hutchison,0,HUT,Gus,Hutchison,1937-04-26,American,Gus Hutchison,1937.0
367,westbury,0,WES,Peter,Westbury,1938-05-26,British,Peter Westbury,1938.0
368,tingle,0,TIN,Sam,Tingle,1921-08-24,Rhodesian,Sam Tingle,1921.0
369,rooyen,0,VAN,Basil,van Rooyen,1939-04-19,South African,Basil van Rooyen,1939.0
370,attwood,0,ATT,Richard,Attwood,1940-04-04,British,Richard Attwood,1940.0
371,pease,0,PEA,Al,Pease,1921-10-15,Canadian,Al Pease,1921.0
372,cordts,0,COR,John,Cordts,1935-07-23,Canadian,John Cordts,1935.0
373,clark,0,CLA,Jim,Clark,1936-03-04,British,Jim Clark,1936.0
374,spence,0,SPE,Mike,Spence,1936-12-30,British,Mike Spence,1936.0
375,scarfiotti,0,SCA,Ludovico,Scarfiotti,1933-10-18,Italian,Ludovico Scarfiotti,1933.0
376,bianchi,0,BIA,Lucien,Bianchi,1934-11-10,Belgian,Lucien Bianchi,1934.0
377,jo_schlesser,0,SCH,Jo,Schlesser,1928-05-18,French,Jo Schlesser,1928.0
378,widdows,0,WID,Robin,Widdows,1942-05-27,British,Robin Widdows,1942.0
379,ahrens,0,AHR,Kurt,Ahrens,1940-04-19,German,Kurt Ahrens,1940.0
380,gardner,0,GAR,Frank,Gardner,1930-10-01,Australian,Frank Gardner,1930.0
381,unser,0,UNS,Bobby,Unser,1934-02-20,American,Bobby Unser,1934.0
382,solana,0,SOL,MoisÌ©s,Solana,1935-12-26,Mexican,MoisÌ©s Solana,1935.0
383,anderson,0,AND,Bob,Anderson,1931-05-19,British,Bob Anderson,1931.0
384,botha,0,BOT,Luki,Botha,1930-01-16,South African,Luki Botha,1930.0
385,bandini,0,BAN,Lorenzo,Bandini,1935-12-21,Italian,Lorenzo Bandini,1935.0
386,ginther,0,GIN,Richie,Ginther,1930-08-05,American,Richie Ginther,1930.0
387,parkes,0,PAR,Mike,Parkes,1931-09-24,British,Mike Parkes,1931.0
388,irwin,0,IRW,Chris,Irwin,1942-06-27,British,Chris Irwin,1942.0
389,ligier,0,LIG,Guy,Ligier,1930-07-12,French,Guy Ligier,1930.0
390,rees,0,REE,Alan,Rees,1938-01-12,British,Alan Rees,1938.0
391,hart,0,HAR,Brian,Hart,1936-09-07,British,Brian Hart,1936.0
392,fisher,0,FIS,Mike,Fisher,1943-03-13,American,Mike Fisher,1943.0
393,tom_jones,0,JON,Tom,Jones,1943-04-26,American,Tom Jones,1943.0
394,baghetti,0,BAG,Giancarlo,Baghetti,1934-12-25,Italian,Giancarlo Baghetti,1934.0
395,williams,0,WIL,Jonathan,Williams,1942-10-26,British,Jonathan Williams,1942.0
396,bondurant,0,BON,Bob,Bondurant,1933-04-27,American,Bob Bondurant,1933.0
397,arundell,0,ARU,Peter,Arundell,1933-11-08,British,Peter Arundell,1933.0
398,vic_wilson,0,WIL,Vic,Wilson,1931-04-14,British,Vic Wilson,1931.0
399,taylor,0,TAY,John,Taylor,1933-03-23,British,John Taylor,1933.0
400,lawrence,0,LAW,Chris,Lawrence,1933-07-27,British,Chris Lawrence,1933.0
401,trevor_taylor,0,TAY,Trevor,Taylor,1936-12-26,British,Trevor Taylor,1936.0
402,geki,0,RUS,Giacomo,Russo,1937-10-23,Italian,Giacomo Russo,1937.0
403,phil_hill,0,HIL,Phil,Hill,1927-04-20,American,Phil Hill,1927.0
404,ireland,0,IRE,Innes,Ireland,1930-06-12,British,Innes Ireland,1930.0
405,bucknum,0,BUC,Ronnie,Bucknum,1936-04-05,American,Ronnie Bucknum,1936.0
406,hawkins,0,HAW,Paul,Hawkins,1937-10-12,Australian,Paul Hawkins,1937.0
407,prophet,0,PRO,David,Prophet,1937-10-09,British,David Prophet,1937.0
408,maggs,0,MAG,Tony,Maggs,1937-02-09,South African,Tony Maggs,1937.0
409,blokdyk,0,BLO,Trevor,Blokdyk,1935-11-30,South African,Trevor Blokdyk,1935.0
410,lederle,0,LED,Neville,Lederle,1938-09-25,South African,Neville Lederle,1938.0
411,serrurier,0,SER,Doug,Serrurier,1920-12-09,South African,Doug Serrurier,1920.0
412,niemann,0,NIE,Brausch,Niemann,1939-01-07,South African,Brausch Niemann,1939.0
413,pieterse,0,PIE,Ernie,Pieterse,1938-07-04,South African,Ernie Pieterse,1938.0
414,puzey,0,PUZ,Clive,Puzey,1941-07-11,Rhodesian,Clive Puzey,1941.0
416,clapham,0,CLA,David,Clapham,1931-05-18,South African,David Clapham,1931.0
417,blignaut,0,BLI,Alex,Blignaut,1932-11-30,South African,Alex Blignaut,1932.0
418,gregory,0,GRE,Masten,Gregory,1932-02-29,American,Masten Gregory,1932.0
419,rhodes,0,RHO,John,Rhodes,1927-08-18,British,John Rhodes,1927.0
420,raby,0,RAB,Ian,Raby,1921-09-22,British,Ian Raby,1921.0
421,rollinson,0,ROL,Alan,Rollinson,1943-05-15,British,Alan Rollinson,1943.0
422,gubby,0,GUB,Brian,Gubby,1934-04-17,British,Brian Gubby,1934.0
423,mitter,0,MIT,Gerhard,Mitter,1935-08-30,German,Gerhard Mitter,1935.0
424,bussinello,0,BUS,Roberto,Bussinello,1927-10-04,Italian,Roberto Bussinello,1927.0
425,vaccarella,0,VAC,Nino,Vaccarella,1933-03-04,Italian,Nino Vaccarella,1933.0
426,bassi,0,BAS,Giorgio,Bassi,1934-01-20,Italian,Giorgio Bassi,1934.0
427,trintignant,0,TRI,Maurice,Trintignant,1917-10-30,French,Maurice Trintignant,1917.0
428,collomb,0,COL,Bernard,Collomb,1930-10-07,French,Bernard Collomb,1930.0
429,andre_pilette,0,PIL,AndrÌ©,Pilette,1918-10-06,Belgian,AndrÌ© Pilette,1918.0
430,beaufort,0,DE ,Carel Godin,de Beaufort,1934-04-10,Dutch,Carel Godin de Beaufort,1934.0
431,barth,0,BAR,Edgar,Barth,1917-01-26,German,Edgar Barth,1917.0
432,cabral,0,CAB,MÌÁrio de AraÌ¼jo,Cabral,1934-01-15,Portuguese,MÌÁrio de AraÌ¼jo Cabral,1934.0
433,hansgen,0,HAN,Walt,Hansgen,1919-10-28,American,Walt Hansgen,1919.0
434,sharp,0,SHA,Hap,Sharp,1928-01-01,American,Hap Sharp,1928.0
435,mairesse,0,MAI,Willy,Mairesse,1928-10-01,Belgian,Willy Mairesse,1928.0
436,campbell-jones,0,CAM,John,Campbell-Jones,1930-01-21,British,John Campbell-Jones,1930.0
437,burgess,0,BUR,Ian,Burgess,1930-07-06,British,Ian Burgess,1930.0
438,settember,0,SET,Tony,Settember,1926-07-10,American,Tony Settember,1926.0
439,estefano,0,EST,Nasif,EstÌ©fano,1932-11-18,Argentine,Nasif EstÌ©fano,1932.0
440,hall,0,HAL,Jim,Hall,1935-07-23,American,Jim Hall,1935.0
441,parnell,0,PAR,Tim,Parnell,1932-06-25,British,Tim Parnell,1932.0
442,kuhnke,0,KUH,Kurt,Kuhnke,1910-04-30,German,Kurt Kuhnke,1910.0
443,ernesto_brambilla,0,BRA,Ernesto,Brambilla,1934-01-31,Italian,Ernesto Brambilla,1934.0
444,lippi,0,LIP,Roberto,Lippi,1926-10-17,Italian,Roberto Lippi,1926.0
445,seiffert,0,SEI,GÌ_nther,Seiffert,1937-10-18,German,GÌ_nther Seiffert,1937.0
446,abate,0,ABA,Carlo,Abate,1932-07-10,Italian,Carlo Abate,1932.0
447,starrabba,0,STA,Gaetano,Starrabba,1932-12-03,Italian,Gaetano Starrabba,1932.0
448,broeker,0,BRO,Peter,Broeker,1926-05-15,Canadian,Peter Broeker,1926.0
449,ward,0,WAR,Rodger,Ward,1921-01-10,American,Rodger Ward,1921.0
450,vos,0,DE ,Ernie,de Vos,1941-07-01,Dutch,Ernie de Vos,1941.0
451,dochnal,0,DOC,Frank,Dochnal,1920-10-08,American,Frank Dochnal,1920.0
452,monarch,0,MON,Thomas,Monarch,1945-09-03,American,Thomas Monarch,1945.0
842,gasly,10,GAS,Pierre,Gasly,1996-02-07,French,Pierre Gasly,1996.0
453,lewis,0,LEW,Jackie,Lewis,1936-11-01,British,Jackie Lewis,1936.0
454,ricardo_rodriguez,0,ROD,Ricardo,RodrÌ_guez,1942-02-14,Mexican,Ricardo RodrÌ_guez,1942.0
455,seidel,0,SEI,Wolfgang,Seidel,1926-07-04,German,Wolfgang Seidel,1926.0
456,salvadori,0,SAL,Roy,Salvadori,1922-05-12,British,Roy Salvadori,1922.0
457,pon,0,PON,Ben,Pon,1936-12-09,Dutch,Ben Pon,1936.0
458,slotemaker,0,SLO,Rob,Slotemaker,1929-06-13,Dutch,Rob Slotemaker,1929.0
459,marsh,0,MAR,Tony,Marsh,1931-07-20,British,Tony Marsh,1931.0
460,ashmore,0,ASH,Gerry,Ashmore,1936-07-25,British,Gerry Ashmore,1936.0
461,schiller,0,SCH,Heinz,Schiller,1930-01-25,Swiss,Heinz Schiller,1930.0
462,davis,0,DAV,Colin,Davis,1933-07-29,British,Colin Davis,1933.0
463,chamberlain,0,CHA,Jay,Chamberlain,1925-12-29,American,Jay Chamberlain,1925.0
464,shelly,0,SHE,Tony,Shelly,1937-02-02,New Zealander,Tony Shelly,1937.0
465,greene,0,GRE,Keith,Greene,1938-01-05,British,Keith Greene,1938.0
466,walter,0,WAL,Heini,Walter,1927-07-28,Swiss,Heini Walter,1927.0
467,prinoth,0,PRI,Ernesto,Prinoth,1923-04-15,Italian,Ernesto Prinoth,1923.0
468,penske,0,PEN,Roger,Penske,1937-02-20,American,Roger Penske,1937.0
469,schroeder,0,SCH,Rob,Schroeder,1926-05-11,British,Rob Schroeder,1926.0
470,mayer,0,MAY,Timmy,Mayer,1938-02-22,American,Timmy Mayer,1938.0
471,johnstone,0,JOH,Bruce,Johnstone,1937-01-30,South African,Bruce Johnstone,1937.0
472,harris,0,HAR,Mike,Harris,1939-05-25,South African,Mike Harris,1939.0
473,hocking,0,HOC,Gary,Hocking,1937-09-30,Rhodesian,Gary Hocking,1937.0
474,vyver,0,VAN,Syd,van der Vyver,1920-06-01,South African,Syd van der Vyver,1920.0
475,moss,0,MOS,Stirling,Moss,1929-09-17,British,Stirling Moss,1929.0
476,trips,0,VON,Wolfgang,von Trips,1928-05-04,German,Wolfgang von Trips,1928.0
477,allison,0,ALL,Cliff,Allison,1932-02-08,British,Cliff Allison,1932.0
478,herrmann,0,HER,Hans,Herrmann,1928-02-23,German,Hans Herrmann,1928.0
479,brooks,0,BRO,Tony,Brooks,1932-02-25,British,Tony Brooks,1932.0
480,may,0,MAY,Michael,May,1934-08-18,Swiss,Michael May,1934.0
481,henry_taylor,0,TAY,Henry,Taylor,1932-12-16,British,Henry Taylor,1932.0
482,gendebien,0,GEN,Olivier,Gendebien,1924-01-12,Belgian,Olivier Gendebien,1924.0
483,scarlatti,0,SCA,Giorgio,Scarlatti,1921-10-02,Italian,Giorgio Scarlatti,1921.0
484,naylor,0,NAY,Brian,Naylor,1923-03-24,British,Brian Naylor,1923.0
485,bordeu,0,BOR,Juan Manuel,Bordeu,1934-01-28,Argentine,Juan Manuel Bordeu,1934.0
486,fairman,0,FAI,Jack,Fairman,1913-03-15,British,Jack Fairman,1913.0
487,natili,0,NAT,Massimo,Natili,1935-07-28,Italian,Massimo Natili,1935.0
488,monteverdi,0,MON,Peter,Monteverdi,1934-06-07,Swiss,Peter Monteverdi,1934.0
489,pirocchi,0,PIR,Renato,Pirocchi,1933-03-26,Italian,Renato Pirocchi,1933.0
490,duke,0,DUK,Geoff,Duke,1923-03-29,British,Geoff Duke,1923.0
491,thiele,0,THI,Alfonso,Thiele,1920-04-05,American-Italian,Alfonso Thiele,1920.0
492,boffa,0,BOF,Menato,Boffa,1930-01-04,Italian,Menato Boffa,1930.0
493,ryan,0,RYA,Peter,Ryan,1940-06-10,Canadian,Peter Ryan,1940.0
494,ruby,0,RUB,Lloyd,Ruby,1928-01-12,American,Lloyd Ruby,1928.0
495,ken_miles,0,MIL,Ken,Miles,1918-11-01,British,Ken Miles,1918.0
496,menditeguy,0,MEN,Carlos,Menditeguy,1914-08-10,Argentine,Carlos Menditeguy,1914.0
497,larreta,0,LAR,Alberto Rodriguez,Larreta,1934-01-14,Argentine,Alberto Rodriguez Larreta,1934.0
498,gonzalez,0,GON,JosÌ© FroilÌÁn,GonzÌÁlez,1922-10-05,Argentine,JosÌ© FroilÌÁn GonzÌÁlez,1922.0
499,bonomi,0,BON,Roberto,Bonomi,1919-09-30,Argentine,Roberto Bonomi,1919.0
500,munaron,0,MUN,Gino,Munaron,1928-04-02,Italian,Gino Munaron,1928.0
501,schell,0,SCH,Harry,Schell,1921-06-29,American,Harry Schell,1921.0
502,stacey,0,STA,Alan,Stacey,1933-08-29,British,Alan Stacey,1933.0
503,chimeri,0,CHI,Ettore,Chimeri,1921-06-04,Venezuelan,Ettore Chimeri,1921.0
504,creus,0,CRE,Antonio,Creus,1924-10-28,Spanish,Antonio Creus,1924.0
505,bristow,0,BRI,Chris,Bristow,1937-12-02,British,Chris Bristow,1937.0
506,halford,0,HAL,Bruce,Halford,1931-05-18,British,Bruce Halford,1931.0
507,daigh,0,DAI,Chuck,Daigh,1923-11-29,American,Chuck Daigh,1923.0
508,reventlow,0,REV,Lance,Reventlow,1936-02-24,American,Lance Reventlow,1936.0
509,rathmann,0,RAT,Jim,Rathmann,1928-07-16,American,Jim Rathmann,1928.0
510,goldsmith,0,GOL,Paul,Goldsmith,1925-10-02,American,Paul Goldsmith,1925.0
511,branson,0,BRA,Don,Branson,1920-06-02,American,Don Branson,1920.0
512,thomson,0,THO,Johnny,Thomson,1922-04-09,American,Johnny Thomson,1922.0
513,johnson,0,JOH,Eddie,Johnson,1919-02-10,American,Eddie Johnson,1919.0
514,veith,0,VEI,Bob,Veith,1926-11-01,American,Bob Veith,1926.0
515,tingelstad,0,TIN,Bud,Tingelstad,1928-04-04,American,Bud Tingelstad,1928.0
516,christie,0,CHR,Bob,Christie,1924-04-04,American,Bob Christie,1924.0
517,amick,0,AMI,Red,Amick,1929-01-19,American,Red Amick,1929.0
518,darter,0,CAR,Duane,Carter,1913-05-05,American,Duane Carter,1913.0
519,homeier,0,HOM,Bill,Homeier,1918-08-31,American,Bill Homeier,1918.0
520,hartley,0,HAR,Gene,Hartley,1926-01-28,American,Gene Hartley,1926.0
521,stevenson,0,STE,Chuck,Stevenson,1919-10-15,American,Chuck Stevenson,1919.0
522,grim,0,GRI,Bobby,Grim,1924-09-04,American,Bobby Grim,1924.0
523,templeman,0,TEM,Shorty,Templeman,1919-08-12,American,Shorty Templeman,1919.0
524,hurtubise,0,HUR,Jim,Hurtubise,1932-12-05,American,Jim Hurtubise,1932.0
525,bryan,0,BRY,Jimmy,Bryan,1926-01-28,American,Jimmy Bryan,1926.0
526,ruttman,0,RUT,Troy,Ruttman,1930-03-11,American,Troy Ruttman,1930.0
527,sachs,0,SAC,Eddie,Sachs,1927-05-28,American,Eddie Sachs,1927.0
528,freeland,0,FRE,Don,Freeland,1925-03-25,American,Don Freeland,1925.0
529,bettenhausen,0,BET,Tony,Bettenhausen,1916-09-12,American,Tony Bettenhausen,1916.0
530,weiler,0,WEI,Wayne,Weiler,1934-12-09,American,Wayne Weiler,1934.0
531,foyt,0,FOY,Anthony,Foyt,1935-01-16,American,Anthony Foyt,1935.0
532,russo,0,RUS,Eddie,Russo,1925-11-19,American,Eddie Russo,1925.0
533,boyd,0,BOY,Johnny,Boyd,1926-08-19,American,Johnny Boyd,1926.0
534,force,0,FOR,Gene,Force,1916-06-15,American,Gene Force,1916.0
535,mcwithey,0,MCW,Jim,McWithey,1927-07-04,American,Jim McWithey,1927.0
536,sutton,0,SUT,Len,Sutton,1925-08-09,American,Len Sutton,1925.0
537,dick_rathmann,0,RAT,Dick,Rathmann,1924-01-06,American,Dick Rathmann,1924.0
538,herman,0,HER,Al,Herman,1927-03-15,American,Al Herman,1927.0
539,dempsey_wilson,0,WIL,Dempsey,Wilson,1927-03-11,American,Dempsey Wilson,1927.0
540,mike_taylor,0,TAY,Mike,Taylor,1934-04-24,British,Mike Taylor,1934.0
541,flockhart,0,FLO,Ron,Flockhart,1923-06-16,British,Ron Flockhart,1923.0
542,piper,0,PIP,David,Piper,1930-12-02,British,David Piper,1930.0
543,cabianca,0,CAB,Giulio,Cabianca,1923-02-19,Italian,Giulio Cabianca,1923.0
544,drogo,0,DRO,Piero,Drogo,1926-08-08,Italian,Piero Drogo,1926.0
545,gamble,0,GAM,Fred,Gamble,1932-03-17,American,Fred Gamble,1932.0
546,owen,0,OWE,Arthur,Owen,1915-03-23,British,Arthur Owen,1915.0
547,gould,0,GOU,Horace,Gould,1918-09-20,British,Horace Gould,1918.0
548,drake,0,DRA,Bob,Drake,1919-12-14,American,Bob Drake,1919.0
549,bueb,0,BUE,Ivor,Bueb,1923-06-06,British,Ivor Bueb,1923.0
550,Changy,0,DE ,Alain,de Changy,1922-02-05,Belgian,Alain de Changy,1922.0
551,filippis,0,DE ,Maria,de Filippis,1926-11-11,Italian,Maria de Filippis,1926.0
552,lucienbonnet,0,LUC,Jean,Lucienbonnet,1923-01-07,French,Jean Lucienbonnet,1923.0
553,testut,0,TES,AndrÌ©,Testut,1926-04-13,Monegasque,AndrÌ© Testut,1926.0
554,behra,0,BEH,Jean,Behra,1921-02-16,French,Jean Behra,1921.0
555,paul_russo,0,RUS,Paul,Russo,1914-04-10,American,Paul Russo,1914.0
556,daywalt,0,DAY,Jimmy,Daywalt,1924-08-28,American,Jimmy Daywalt,1924.0
557,arnold,0,ARN,Chuck,Arnold,1926-05-30,American,Chuck Arnold,1926.0
558,keller,0,KEL,Al,Keller,1920-04-11,American,Al Keller,1920.0
559,flaherty,0,FLA,Pat,Flaherty,1926-01-06,American,Pat Flaherty,1926.0
560,cheesbourg,0,CHE,Bill,Cheesbourg,1927-06-12,American,Bill Cheesbourg,1927.0
561,ray_crawford,0,CRA,Ray,Crawford,1915-10-26,American,Ray Crawford,1915.0
562,turner,0,TUR,Jack,Turner,1920-02-12,American,Jack Turner,1920.0
563,weyant,0,WEY,Chuck,Weyant,1923-04-03,American,Chuck Weyant,1923.0
564,larson,0,LAR,Jud,Larson,1923-01-21,American,Jud Larson,1923.0
565,magill,0,MAG,Mike,Magill,1920-02-08,American,Mike Magill,1920.0
566,shelby,0,SHE,Carroll,Shelby,1923-01-11,American,Carroll Shelby,1923.0
567,orey,0,D'O,Fritz,d'Orey,1938-03-25,Brazilian,Fritz d'Orey,1938.0
568,fontes,0,FON,Azdrubal,Fontes,1922-12-26,Uruguayan,Azdrubal Fontes,1922.0
569,ashdown,0,ASH,Peter,Ashdown,1934-10-16,British,Peter Ashdown,1934.0
570,bill_moss,0,MOS,Bill,Moss,1933-09-04,British,Bill Moss,1933.0
571,dennis_taylor,0,TAY,Dennis,Taylor,1921-06-12,British,Dennis Taylor,1921.0
572,blanchard,0,BLA,Harry,Blanchard,1929-06-13,American,Harry Blanchard,1929.0
573,tomaso,0,DE ,Alessandro,de Tomaso,1928-07-10,Argentine-Italian,Alessandro de Tomaso,1928.0
574,constantine,0,CON,George,Constantine,1918-02-22,American,George Constantine,1918.0
575,said,0,SAI,Bob,Said,1932-05-05,American,Bob Said,1932.0
576,cade,0,CAD,Phil,Cade,1916-06-12,American,Phil Cade,1916.0
577,musso,0,MUS,Luigi,Musso,1924-07-28,Italian,Luigi Musso,1924.0
578,hawthorn,0,HAW,Mike,Hawthorn,1929-04-10,British,Mike Hawthorn,1929.0
579,fangio,0,FAN,Juan,Fangio,1911-06-24,Argentine,Juan Fangio,1911.0
580,godia,0,GOD,Paco,Godia,1921-03-21,Spanish,Paco Godia,1921.0
581,collins,0,COL,Peter,Collins,1931-11-06,British,Peter Collins,1931.0
582,kavanagh,0,KAV,Ken,Kavanagh,1923-12-12,Australian,Ken Kavanagh,1923.0
583,gerini,0,GER,Gerino,Gerini,1928-08-10,Italian,Gerino Gerini,1928.0
584,kessler,0,KES,Bruce,Kessler,1936-03-23,American,Bruce Kessler,1936.0
585,emery,0,EME,Paul,Emery,1916-11-12,British,Paul Emery,1916.0
586,piotti,0,PIO,Luigi,Piotti,1913-10-27,Italian,Luigi Piotti,1913.0
587,ecclestone,0,ECC,Bernie,Ecclestone,1930-10-28,British,Bernie Ecclestone,1930.0
588,taramazzo,0,TAR,Luigi,Taramazzo,1932-05-05,Italian,Luigi Taramazzo,1932.0
589,chiron,0,CHI,Louis,Chiron,1899-08-03,Monegasque,Louis Chiron,1899.0
590,lewis-evans,0,LEW,Stuart,Lewis-Evans,1930-04-20,British,Stuart Lewis-Evans,1930.0
591,george_amick,0,AMI,George,Amick,1924-10-24,American,George Amick,1924.0
592,reece,0,REE,Jimmy,Reece,1929-11-17,American,Jimmy Reece,1929.0
593,parsons,0,PAR,Johnnie,Parsons,1918-07-04,American,Johnnie Parsons,1918.0
594,tolan,0,TOL,Johnnie,Tolan,1917-10-22,American,Johnnie Tolan,1917.0
595,garrett,0,GAR,Billy,Garrett,1933-04-24,American,Billy Garrett,1933.0
596,elisian,0,ELI,Ed,Elisian,1926-12-09,American,Ed Elisian,1926.0
597,connor,0,O'C,Pat,O'Connor,1928-10-09,American,Pat O'Connor,1928.0
598,jerry_unser,0,UNS,Jerry,Unser,1932-11-15,American,Jerry Unser,1932.0
599,bisch,0,BIS,Art,Bisch,1926-11-10,American,Art Bisch,1926.0
600,goethals,0,GOE,Christian,Goethals,1928-08-04,Belgian,Christian Goethals,1928.0
601,gibson,0,GIB,Dick,Gibson,1918-04-16,British,Dick Gibson,1918.0
602,la_caze,0,LA ,Robert,La Caze,1917-02-26,French,Robert La Caze,1917.0
603,guelfi,0,GUE,AndrÌ©,Guelfi,1919-05-06,French,AndrÌ© Guelfi,1919.0
604,picard,0,PIC,FranÌ¤ois,Picard,1921-04-26,French,FranÌ¤ois Picard,1921.0
605,bridger,0,BRI,Tom,Bridger,1934-06-24,British,Tom Bridger,1934.0
606,portago,0,DE ,Alfonso,de Portago,1928-10-11,Spanish,Alfonso de Portago,1928.0
607,perdisa,0,PER,Cesare,Perdisa,1932-10-21,Italian,Cesare Perdisa,1932.0
608,castellotti,0,CAS,Eugenio,Castellotti,1930-10-10,Italian,Eugenio Castellotti,1930.0
609,simon,0,SIM,AndrÌ©,Simon,1920-01-05,French,AndrÌ© Simon,1920.0
610,leston,0,LES,Les,Leston,1920-12-16,British,Les Leston,1920.0
611,hanks,0,HAN,Sam,Hanks,1914-07-13,American,Sam Hanks,1914.0
612,linden,0,LIN,Andy,Linden,1922-04-05,American,Andy Linden,1922.0
613,teague,0,TEA,Marshall,Teague,1921-02-22,American,Marshall Teague,1921.0
614,edmunds,0,EDM,Don,Edmunds,1930-09-23,American,Don Edmunds,1930.0
615,agabashian,0,AGA,Fred,Agabashian,1913-08-21,American,Fred Agabashian,1913.0
616,george,0,GEO,Elmer,George,1928-07-15,American,Elmer George,1928.0
617,macdowel,0,MAC,Mike,MacDowel,1932-09-13,British,Mike MacDowel,1932.0
618,mackay-fraser,0,MAC,Herbert,MacKay-Fraser,1927-06-23,American,Herbert MacKay-Fraser,1927.0
619,gerard,0,GER,Bob,Gerard,1914-01-19,British,Bob Gerard,1914.0
620,maglioli,0,MAG,Umberto,Maglioli,1928-06-05,Italian,Umberto Maglioli,1928.0
621,england,0,ENG,Paul,England,1929-03-28,Australian,Paul England,1929.0
622,landi,0,LAN,Chico,Landi,1907-07-14,Brazilian,Chico Landi,1907.0
623,uria,0,URI,Alberto,Uria,1924-07-11,Uruguayan,Alberto Uria,1924.0
624,ramos,0,DA ,Hernando,da Silva Ramos,1925-12-07,Brazilian,Hernando da Silva Ramos,1925.0
625,bayol,0,BAY,Ìälie,Bayol,1914-02-28,French,Ìälie Bayol,1914.0
626,manzon,0,MAN,Robert,Manzon,1917-04-12,French,Robert Manzon,1917.0
627,rosier,0,ROS,Louis,Rosier,1905-11-05,French,Louis Rosier,1905.0
628,sweikert,0,SWE,Bob,Sweikert,1926-05-20,American,Bob Sweikert,1926.0
629,griffith,0,GRI,Cliff,Griffith,1916-02-06,American,Cliff Griffith,1916.0
630,dinsmore,0,DIN,Duke,Dinsmore,1913-04-10,American,Duke Dinsmore,1913.0
631,andrews,0,AND,Keith,Andrews,1920-06-15,American,Keith Andrews,1920.0
632,frere,0,FRÌ,Paul,FrÌ¬re,1917-01-30,Belgian,Paul FrÌ¬re,1917.0
633,villoresi,0,VIL,Luigi,Villoresi,1909-05-16,Italian,Luigi Villoresi,1909.0
634,scotti,0,SCO,Piero,Scotti,1909-11-11,Italian,Piero Scotti,1909.0
635,chapman,0,CHA,Colin,Chapman,1928-05-19,British,Colin Chapman,1928.0
636,titterington,0,TIT,Desmond,Titterington,1928-05-01,British,Desmond Titterington,1928.0
637,scott_Brown,0,SCO,Archie,Scott Brown,1927-05-13,British,Archie Scott Brown,1927.0
638,volonterio,0,VOL,Ottorino,Volonterio,1917-12-07,Swiss,Ottorino Volonterio,1917.0
639,milhoux,0,MIL,AndrÌ©,Milhoux,1928-12-09,Belgian,AndrÌ© Milhoux,1928.0
640,graffenried,0,DE ,Toulo,de Graffenried,1914-05-18,Swiss,Toulo de Graffenried,1914.0
641,taruffi,0,TAR,Piero,Taruffi,1906-10-12,Italian,Piero Taruffi,1906.0
642,farina,0,FAR,Nino,Farina,1906-10-30,Italian,Nino Farina,1906.0
643,mieres,0,MIE,Roberto,Mieres,1924-12-03,Argentine,Roberto Mieres,1924.0
644,mantovani,0,MAN,Sergio,Mantovani,1929-05-22,Italian,Sergio Mantovani,1929.0
645,bucci,0,BUC,Clemar,Bucci,1920-09-04,Argentine,Clemar Bucci,1920.0
646,iglesias,0,IGL,JesÌ¼s,Iglesias,1922-02-22,Argentine,JesÌ¼s Iglesias,1922.0
647,ascari,0,ASC,Alberto,Ascari,1918-07-13,Italian,Alberto Ascari,1918.0
648,kling,0,KLI,Karl,Kling,1910-09-16,German,Karl Kling,1910.0
649,birger,0,BIR,Pablo,Birger,1924-01-07,Argentine,Pablo Birger,1924.0
650,pollet,0,POL,Jacques,Pollet,1922-07-02,French,Jacques Pollet,1922.0
651,macklin,0,MAC,Lance,Macklin,1919-09-02,British,Lance Macklin,1919.0
652,whiteaway,0,WHI,Ted,Whiteaway,1928-11-01,British,Ted Whiteaway,1928.0
653,davies,0,DAV,Jimmy,Davies,1929-08-08,American,Jimmy Davies,1929.0
654,faulkner,0,FAU,Walt,Faulkner,1920-02-16,American,Walt Faulkner,1920.0
655,niday,0,NID,Cal,Niday,1914-04-29,American,Cal Niday,1914.0
656,cross,0,CRO,Art,Cross,1918-01-24,American,Art Cross,1918.0
657,vukovich,0,VUK,Bill,Vukovich,1918-12-13,American,Bill Vukovich,1918.0
658,mcgrath,0,MCG,Jack,McGrath,1919-10-08,American,Jack McGrath,1919.0
659,hoyt,0,HOY,Jerry,Hoyt,1929-01-29,American,Jerry Hoyt,1929.0
660,claes,0,CLA,Johnny,Claes,1916-08-11,Belgian,Johnny Claes,1916.0
661,peter_walker,0,WAL,Peter,Walker,1912-10-07,British,Peter Walker,1912.0
662,sparken,0,SPA,Mike,Sparken,1930-06-16,French,Mike Sparken,1930.0
663,wharton,0,WHA,Ken,Wharton,1916-03-21,British,Ken Wharton,1916.0
664,mcalpine,0,MCA,Kenneth,McAlpine,1920-09-21,British,Kenneth McAlpine,1920.0
665,marr,0,MAR,Leslie,Marr,1922-08-14,British,Leslie Marr,1922.0
666,rolt,0,ROL,Tony,Rolt,1918-10-16,British,Tony Rolt,1918.0
667,fitch,0,FIT,John,Fitch,1917-08-04,American,John Fitch,1917.0
668,lucas,0,LUC,Jean,Lucas,1917-04-25,French,Jean Lucas,1917.0
669,bira,0,BIR,Prince,Bira,1914-07-15,Thai,Prince Bira,1914.0
670,marimon,0,MAR,Onofre,MarimÌ_n,1923-12-19,Argentine,Onofre MarimÌ_n,1923.0
671,loyer,0,LOY,Roger,Loyer,1907-08-05,French,Roger Loyer,1907.0
672,daponte,0,DAP,Jorge,Daponte,1923-06-05,Argentine,Jorge Daponte,1923.0
673,nazaruk,0,NAZ,Mike,Nazaruk,1921-10-02,American,Mike Nazaruk,1921.0
674,crockett,0,CRO,Larry,Crockett,1926-10-23,American,Larry Crockett,1926.0
675,ayulo,0,AYU,Manny,Ayulo,1921-10-20,American,Manny Ayulo,1921.0
676,armi,0,ARM,Frank,Armi,1918-10-12,American,Frank Armi,1918.0
677,webb,0,WEB,Travis,Webb,1910-10-08,American,Travis Webb,1910.0
678,duncan,0,DUN,Len,Duncan,1911-07-25,American,Len Duncan,1911.0
679,mccoy,0,MCC,Ernie,McCoy,1921-02-19,American,Ernie McCoy,1921.0
680,swaters,0,SWA,Jacques,Swaters,1926-10-30,American,Jacques Swaters,1926.0
681,georges_berger,0,BER,Georges,Berger,1918-09-14,Belgian,Georges Berger,1918.0
682,beauman,0,BEA,Don,Beauman,1928-07-26,British,Don Beauman,1928.0
683,thorne,0,THO,Leslie,Thorne,1916-06-23,British,Leslie Thorne,1916.0
684,whitehouse,0,WHI,Bill,Whitehouse,1909-04-01,British,Bill Whitehouse,1909.0
685,riseley_prichard,0,RIS,John,Riseley-Prichard,1924-01-17,British,John Riseley-Prichard,1924.0
686,reg_parnell,0,PAR,Reg,Parnell,1911-07-02,British,Reg Parnell,1911.0
687,whitehead,0,WHI,Peter,Whitehead,1914-11-12,British,Peter Whitehead,1914.0
688,brandon,0,BRA,Eric,Brandon,1920-07-18,British,Eric Brandon,1920.0
689,alan_brown,0,BRO,Alan,Brown,1919-11-20,British,Alan Brown,1919.0
690,nuckey,0,NUC,Rodney,Nuckey,1929-06-26,British,Rodney Nuckey,1929.0
691,lang,0,LAN,Hermann,Lang,1909-04-06,German,Hermann Lang,1909.0
692,helfrich,0,HEL,Theo,Helfrich,1913-05-13,German,Theo Helfrich,1913.0
693,wacker,0,WAC,Fred,Wacker,1918-07-10,American,Fred Wacker,1918.0
694,riu,0,DE ,Giovanni,de Riu,1925-03-10,Italian,Giovanni de Riu,1925.0
695,galvez,0,GÌÁ,Oscar,GÌÁlvez,1913-08-17,Argentine,Oscar GÌÁlvez,1913.0
696,john_barber,0,BAR,John,Barber,1929-07-22,British,John Barber,1929.0
697,bonetto,0,BON,Felice,Bonetto,1903-06-09,Italian,Felice Bonetto,1903.0
698,cruz,0,CRU,Adolfo,Cruz,1923-06-28,Argentine,Adolfo Cruz,1923.0
699,nalon,0,NAL,Duke,Nalon,1913-03-02,American,Duke Nalon,1913.0
700,scarborough,0,SCA,Carl,Scarborough,1914-07-03,American,Carl Scarborough,1914.0
701,holland,0,HOL,Bill,Holland,1907-12-18,American,Bill Holland,1907.0
702,bob_scott,0,SCO,Bob,Scott,1928-10-04,American,Bob Scott,1928.0
703,legat,0,LEG,Arthur,Legat,1898-11-01,Belgian,Arthur Legat,1898.0
704,cabantous,0,CAB,Yves,Cabantous,1904-10-08,French,Yves Cabantous,1904.0
705,crook,0,CRO,Tony,Crook,1920-02-16,British,Tony Crook,1920.0
706,jimmy_stewart,0,STE,Jimmy,Stewart,1931-03-06,British,Jimmy Stewart,1931.0
707,ian_stewart,0,STE,Ian,Stewart,1929-07-15,British,Ian Stewart,1929.0
708,duncan_hamilton,0,HAM,Duncan,Hamilton,1920-04-30,British,Duncan Hamilton,1920.0
709,klodwig,0,KLO,Ernst,Klodwig,1903-05-23,East German,Ernst Klodwig,1903.0
710,krause,0,KRA,Rudolf,Krause,1907-03-30,East German,Rudolf Krause,1907.0
711,karch,0,KAR,Oswald,Karch,1917-03-06,German,Oswald Karch,1917.0
712,heeks,0,HEE,Willi,Heeks,1922-02-13,German,Willi Heeks,1922.0
713,fitzau,0,FIT,Theo,Fitzau,1923-02-10,East German,Theo Fitzau,1923.0
714,adolff,0,ADO,Kurt,Adolff,1921-11-05,German,Kurt Adolff,1921.0
715,bechem,0,BEC,GÌ_nther,Bechem,1921-12-21,German,GÌ_nther Bechem,1921.0
716,bauer,0,BAU,Erwin,Bauer,1912-07-17,German,Erwin Bauer,1912.0
717,hans_stuck,0,VON,Hans,von Stuck,1900-12-27,German,Hans von Stuck,1900.0
718,loof,0,LOO,Ernst,Loof,1907-07-04,German,Ernst Loof,1907.0
719,scherrer,0,SCH,Albert,Scherrer,1908-02-28,Swiss,Albert Scherrer,1908.0
720,terra,0,DE ,Max,de Terra,1918-10-06,Swiss,Max de Terra,1918.0
721,hirt,0,HIR,Peter,Hirt,1910-03-30,Swiss,Peter Hirt,1910.0
722,carini,0,CAR,Piero,Carini,1921-03-06,Italian,Piero Carini,1921.0
723,fischer,0,FIS,Rudi,Fischer,1912-04-19,Swiss,Rudi Fischer,1912.0
724,ulmen,0,ULM,Toni,Ulmen,1906-01-25,German,Toni Ulmen,1906.0
725,abecassis,0,ABE,George,Abecassis,1913-03-21,British,George Abecassis,1913.0
726,george_connor,0,CON,George,Connor,1906-08-16,American,George Connor,1906.0
727,rigsby,0,RIG,Jim,Rigsby,1923-06-06,American,Jim Rigsby,1923.0
728,james,0,JAM,Joe,James,1925-05-23,American,Joe James,1925.0
729,schindler,0,SCH,Bill,Schindler,1909-03-06,American,Bill Schindler,1909.0
730,fonder,0,FON,George,Fonder,1917-06-22,American,George Fonder,1917.0
731,banks,0,BAN,Henry,Banks,1913-06-14,American,Henry Banks,1913.0
732,mcdowell,0,MCD,Johnny,McDowell,1915-01-29,American,Johnny McDowell,1915.0
733,miller,0,MIL,Chet,Miller,1902-07-19,American,Chet Miller,1902.0
734,ball,0,BAL,Bobby,Ball,1925-08-26,American,Bobby Ball,1925.0
735,tornaco,0,DE ,Charles,de Tornaco,1927-06-07,Belgian,Charles de Tornaco,1927.0
736,laurent,0,LAU,Roger,Laurent,1913-02-21,Belgian,Roger Laurent,1913.0
737,obrien,0,O'B,Robert,O'Brien,1908-04-11,American,Robert O'Brien,1908.0
738,gaze,0,GAZ,Tony,Gaze,1920-02-03,Australian,Tony Gaze,1920.0
739,charrington,0,MON,Robin,Montgomerie-Charrington,1915-06-23,British,Robin Montgomerie-Charrington,1915.0
740,comotti,0,COM,Franco,Comotti,1906-07-24,Italian,Franco Comotti,1906.0
741,etancelin,0,ÌÄT,Philippe,Ìätancelin,1896-12-28,French,Philippe Ìätancelin,1896.0
742,poore,0,POO,Dennis,Poore,1916-08-19,British,Dennis Poore,1916.0
743,thompson,0,THO,Eric,Thompson,1919-11-04,British,Eric Thompson,1919.0
744,downing,0,DOW,Ken,Downing,1917-12-05,British,Ken Downing,1917.0
745,graham_whitehead,0,WHI,Graham,Whitehead,1922-04-15,British,Graham Whitehead,1922.0
746,bianco,0,BIA,Gino,Bianco,1916-07-22,Brazilian,Gino Bianco,1916.0
747,murray,0,MUR,David,Murray,1909-12-28,British,David Murray,1909.0
748,cantoni,0,CAN,Eitel,Cantoni,1906-10-04,Uruguayan,Eitel Cantoni,1906.0
749,aston,0,AST,Bill,Aston,1900-03-29,British,Bill Aston,1900.0
750,brudes,0,BRU,Adolf,Brudes,1899-10-15,German,Adolf Brudes,1899.0
751,riess,0,RIE,Fritz,Riess,1922-07-11,German,Fritz Riess,1922.0
752,niedermayr,0,NIE,Helmut,Niedermayr,1915-11-29,German,Helmut Niedermayr,1915.0
753,klenk,0,KLE,Hans,Klenk,1919-10-28,German,Hans Klenk,1919.0
754,balsa,0,BAL,Marcel,Balsa,1909-01-01,French,Marcel Balsa,1909.0
755,schoeller,0,SCH,Rudolf,Schoeller,1902-04-27,Swiss,Rudolf Schoeller,1902.0
756,pietsch,0,PIE,Paul,Pietsch,1911-06-20,German,Paul Pietsch,1911.0
757,peters,0,PET,Josef,Peters,1914-09-16,German,Josef Peters,1914.0
758,lof,0,VAN,Dries,van der Lof,1919-08-23,Dutch,Dries van der Lof,1919.0
759,flinterman,0,FLI,Jan,Flinterman,1919-10-02,Dutch,Jan Flinterman,1919.0
760,dusio,0,DUS,Piero,Dusio,1899-10-13,Italian,Piero Dusio,1899.0
761,crespo,0,CRE,Alberto,Crespo,1920-01-16,Argentine,Alberto Crespo,1920.0
762,rol,0,ROL,Franco,Rol,1908-06-05,Italian,Franco Rol,1908.0
763,sanesi,0,SAN,Consalvo,Sanesi,1911-03-28,Italian,Consalvo Sanesi,1911.0
764,guy_mairesse,0,MAI,Guy,Mairesse,1910-08-10,French,Guy Mairesse,1910.0
765,louveau,0,LOU,Henri,Louveau,1910-01-25,French,Henri Louveau,1910.0
766,wallard,0,WAL,Lee,Wallard,1910-09-07,American,Lee Wallard,1910.0
767,forberg,0,FOR,Carl,Forberg,1911-03-04,American,Carl Forberg,1911.0
768,rose,0,ROS,Mauri,Rose,1906-05-26,American,Mauri Rose,1906.0
769,mackey,0,MAC,Bill,Mackey,1927-12-15,American,Bill Mackey,1927.0
770,green,0,GRE,Cecil,Green,1919-09-30,American,Cecil Green,1919.0
771,walt_brown,0,BRO,Walt,Brown,1911-12-30,American,Walt Brown,1911.0
772,hellings,0,HEL,Mack,Hellings,1915-09-14,American,Mack Hellings,1915.0
773,levegh,0,LEV,Pierre,Levegh,1905-12-22,French,Pierre Levegh,1905.0
774,chaboud,0,CHA,EugÌ¬ne,Chaboud,1907-04-12,French,EugÌ¬ne Chaboud,1907.0
775,gordini,0,GOR,Aldo,Gordini,1921-05-20,French,Aldo Gordini,1921.0
776,kelly,0,KEL,Joe,Kelly,1913-03-13,Irish,Joe Kelly,1913.0
777,parker,0,FOT,Philip,Fotheringham-Parker,1907-09-22,British,Philip Fotheringham-Parker,1907.0
778,shawe_taylor,0,SHA,Brian,Shawe Taylor,1915-01-28,British,Brian Shawe Taylor,1915.0
779,john_james,0,JAM,John,James,1914-05-10,British,John James,1914.0
780,branca,0,BRA,Toni,Branca,1916-09-15,Swiss,Toni Branca,1916.0
781,richardson,0,RIC,Ken,Richardson,1911-08-21,British,Ken Richardson,1911.0
782,jover,0,JOV,Juan,Jover,1903-11-23,Spanish,Juan Jover,1903.0
783,grignard,0,GRI,Georges,Grignard,1905-07-25,French,Georges Grignard,1905.0
784,hampshire,0,HAM,David,Hampshire,1917-12-29,British,David Hampshire,1917.0
785,crossley,0,CRO,Geoff,Crossley,1921-05-11,British,Geoff Crossley,1921.0
786,fagioli,0,FAG,Luigi,Fagioli,1898-06-09,Italian,Luigi Fagioli,1898.0
787,harrison,0,HAR,Cuth,Harrison,1906-07-06,British,Cuth Harrison,1906.0
788,fry,0,FRY,Joe,Fry,1915-10-26,British,Joe Fry,1915.0
789,martin,0,MAR,EugÌ¬ne,Martin,1915-03-24,French,EugÌ¬ne Martin,1915.0
790,leslie_johnson,0,JOH,Leslie,Johnson,1912-03-22,British,Leslie Johnson,1912.0
791,biondetti,0,BIO,Clemente,Biondetti,1898-08-18,Italian,Clemente Biondetti,1898.0
792,pian,0,PIÌ,Alfredo,PiÌÁn,1912-10-21,Argentine,Alfredo PiÌÁn,1912.0
793,sommer,0,SOM,Raymond,Sommer,1906-08-31,French,Raymond Sommer,1906.0
794,chitwood,0,CHI,Joie,Chitwood,1912-04-14,American,Joie Chitwood,1912.0
795,fohr,0,FOH,Myron,Fohr,1912-06-17,American,Myron Fohr,1912.0
796,ader,0,ADE,Walt,Ader,1913-12-15,American,Walt Ader,1913.0
797,holmes,0,HOL,Jackie,Holmes,1920-09-04,American,Jackie Holmes,1920.0
798,levrett,0,LEV,Bayliss,Levrett,1914-02-14,American,Bayliss Levrett,1914.0
799,jackson,0,JAC,Jimmy,Jackson,1910-07-25,American,Jimmy Jackson,1910.0
800,pagani,0,PAG,Nello,Pagani,1911-10-11,Italian,Nello Pagani,1911.0
801,pozzi,0,POZ,Charles,Pozzi,1909-08-27,French,Charles Pozzi,1909.0
802,serafini,0,SER,Dorino,Serafini,1909-07-22,Italian,Dorino Serafini,1909.0
803,cantrell,0,CAN,Bill,Cantrell,1908-01-31,American,Bill Cantrell,1908.0
804,mantz,0,MAN,Johnny,Mantz,1918-09-18,American,Johnny Mantz,1918.0
805,kladis,0,KLA,Danny,Kladis,1917-02-10,American,Danny Kladis,1917.0
806,oscar_gonzalez,0,GON,ÌÒscar,GonzÌÁlez,1923-11-10,Uruguayan,ÌÒscar GonzÌÁlez,1923.0
807,hulkenberg,27,HUL,Nico,HÌ_lkenberg,1987-08-19,German,Nico HÌ_lkenberg,1987.0
808,petrov,0,PET,Vitaly,Petrov,1984-09-08,Russian,Vitaly Petrov,1984.0
810,grassi,0,DIG,Lucas,di Grassi,1984-08-11,Brazilian,Lucas di Grassi,1984.0
811,bruno_senna,0,SEN,Bruno,Senna,1983-10-15,Brazilian,Bruno Senna,1983.0
812,chandhok,0,CHA,Karun,Chandhok,1984-01-19,Indian,Karun Chandhok,1984.0
813,maldonado,13,MAL,Pastor,Maldonado,1985-03-09,Venezuelan,Pastor Maldonado,1985.0
814,resta,0,DIR,Paul,di Resta,1986-04-16,British,Paul di Resta,1986.0
815,perez,11,PER,Sergio,PÌ©rez,1990-01-26,Mexican,Sergio PÌ©rez,1990.0
816,ambrosio,0,DAM,JÌ©rÌ«me,d'Ambrosio,1985-12-27,Belgian,JÌ©rÌ«me d'Ambrosio,1985.0
817,ricciardo,3,RIC,Daniel,Ricciardo,1989-07-01,Australian,Daniel Ricciardo,1989.0
818,vergne,25,VER,Jean-Ìäric,Vergne,1990-04-25,French,Jean-Ìäric Vergne,1990.0
819,pic,0,PIC,Charles,Pic,1990-02-15,French,Charles Pic,1990.0
820,chilton,4,CHI,Max,Chilton,1991-04-21,British,Max Chilton,1991.0
821,gutierrez,21,GUT,Esteban,GutiÌ©rrez,1991-08-05,Mexican,Esteban GutiÌ©rrez,1991.0
822,bottas,77,BOT,Valtteri,Bottas,1989-08-28,Finnish,Valtteri Bottas,1989.0
823,garde,0,VDG,Giedo,van der Garde,1985-04-25,Dutch,Giedo van der Garde,1985.0
824,jules_bianchi,17,BIA,Jules,Bianchi,1989-08-03,French,Jules Bianchi,1989.0
825,kevin_magnussen,20,MAG,Kevin,Magnussen,1992-10-05,Danish,Kevin Magnussen,1992.0
826,kvyat,26,KVY,Daniil,Kvyat,1994-04-26,Russian,Daniil Kvyat,1994.0
827,lotterer,45,LOT,AndrÌ©,Lotterer,1981-11-19,German,AndrÌ© Lotterer,1981.0
828,ericsson,9,ERI,Marcus,Ericsson,1990-09-02,Swedish,Marcus Ericsson,1990.0
829,stevens,28,STE,Will,Stevens,1991-06-28,British,Will Stevens,1991.0
830,max_verstappen,33,VER,Max,Verstappen,1997-09-30,Dutch,Max Verstappen,1997.0
831,nasr,12,NAS,Felipe,Nasr,1992-08-21,Brazilian,Felipe Nasr,1992.0
832,sainz,55,SAI,Carlos,Sainz,1994-09-01,Spanish,Carlos Sainz,1994.0
833,merhi,98,MER,Roberto,Merhi,1991-03-22,Spanish,Roberto Merhi,1991.0
834,rossi,53,RSS,Alexander,Rossi,1991-09-25,American,Alexander Rossi,1991.0
835,jolyon_palmer,30,PAL,Jolyon,Palmer,1991-01-20,British,Jolyon Palmer,1991.0
836,wehrlein,94,WEH,Pascal,Wehrlein,1994-10-18,German,Pascal Wehrlein,1994.0
837,haryanto,88,HAR,Rio,Haryanto,1993-01-22,Indonesian,Rio Haryanto,1993.0
838,vandoorne,2,VAN,Stoffel,Vandoorne,1992-03-26,Belgian,Stoffel Vandoorne,1992.0
839,ocon,31,OCO,Esteban,Ocon,1996-09-17,French,Esteban Ocon,1996.0
840,stroll,18,STR,Lance,Stroll,1998-10-29,Canadian,Lance Stroll,1998.0
841,giovinazzi,36,GIO,Antonio,Giovinazzi,1993-12-14,Italian,Antonio Giovinazzi,1993.0
843,brendon_hartley,39,HAR,Brendon,Hartley,1989-11-10,New Zealander,Brendon Hartley,1989.0
